"ipum1991","merged_id","source","ipum2001","ipum2011"
"040001008",1,"upazillas91",NA,NA
"040001014",2,"upazillas91",NA,NA
"040001034",3,"upazillas91",NA,NA
"040001038",4,"upazillas91",NA,NA
"040001056",5,"upazillas91",NA,NA
"040001060",6,"upazillas91",NA,NA
"040001073",7,"upazillas91",NA,NA
"020003004",8,"upazillas91",NA,NA
"020003014",9,"upazillas91",NA,NA
"020003051",10,"upazillas91",NA,NA
"020003073",11,"upazillas91",NA,NA
"020003089",12,"upazillas91",NA,NA
"020003091",13,"upazillas91",NA,NA
"020003095",14,"upazillas91",NA,NA
"010006002",15,"upazillas91",NA,NA
"010006003",16,"upazillas91",NA,NA
"010006007",17,"upazillas91",NA,NA
"010006010",18,"upazillas91",NA,NA
"010006051",19,"upazillas91",NA,NA
"010006032",20,"upazillas91",NA,NA
"010006036",21,"upazillas91",NA,NA
"010006062",22,"upazillas91",NA,NA
"010006069",23,"upazillas91",NA,NA
"010006094",24,"upazillas91",NA,NA
"010009018",25,"upazillas91",NA,NA
"010009021",26,"upazillas91",NA,NA
"010009025",27,"upazillas91",NA,NA
"010009029",28,"upazillas91",NA,NA
"010009054",29,"upazillas91",NA,NA
"010009065",30,"upazillas91",NA,NA
"010009091",31,"upazillas91",NA,NA
"050010006",32,"upazillas91",NA,NA
"050010027",33,"upazillas91",NA,NA
"050010033",34,"upazillas91",NA,NA
"050010040",35,"upazillas91",NA,NA
"050010054",36,"upazillas91",NA,NA
"050010067",37,"upazillas91",NA,NA
"050010081",38,"upazillas91",NA,NA
"050010088",39,"upazillas91",NA,NA
"050010094",40,"upazillas91",NA,NA
"050010095",41,"upazillas91",NA,NA
"010004019",42,"upazillas91",NA,NA
"010004028",43,"upazillas91",NA,NA
"010004047",44,"upazillas91",NA,NA
"010004085",45,"upazillas91",NA,NA
"020012002",46,"upazillas91",NA,NA
"020012004",47,"upazillas91",NA,NA
"020012013",48,"upazillas91",NA,NA
"020012063",49,"upazillas91",NA,NA
"020012085",50,"upazillas91",NA,NA
"020012090",51,"upazillas91",NA,NA
"020012094",48,"upazillas91",NA,NA
"020013022",52,"upazillas91",NA,NA
"020013045",53,"upazillas91",NA,NA
"020013047",54,"upazillas91",NA,NA
"020013049",55,"upazillas91",NA,NA
"020013058",56,"upazillas91",NA,NA
"020013076",57,"upazillas91",NA,NA
"020013095",58,"upazillas91",NA,NA
"020015008",59,"upazillas91",NA,NA
"020015012",60,"upazillas91",NA,NA
"020015018",61,"upazillas91",NA,NA
"020015033",62,"upazillas91",NA,NA
"020015037",63,"upazillas91",NA,NA
"020015028",64,"upazillas91",NA,NA
"020015047",65,"upazillas91",NA,NA
"020015053",66,"upazillas91",NA,NA
"020015061",61,"upazillas91",NA,NA
"020015070",67,"upazillas91",NA,NA
"020015074",68,"upazillas91",NA,NA
"020015078",69,"upazillas91",NA,NA
"020015082",70,"upazillas91",NA,NA
"020015086",71,"upazillas91",NA,NA
"040018007",72,"upazillas91",NA,NA
"040018023",73,"upazillas91",NA,NA
"040018031",74,"upazillas91",NA,NA
"040018055",75,"upazillas91",NA,NA
"020019009",76,"upazillas91",NA,NA
"020019015",77,"upazillas91",NA,NA
"020019018",77,"upazillas91",NA,NA
"020019027",78,"upazillas91",NA,NA
"020019031",79,"upazillas91",NA,NA
"020019036",80,"upazillas91",NA,NA
"020019040",81,"upazillas91",NA,NA
"020019054",80,"upazillas91",NA,NA
"020019081",82,"upazillas91",NA,NA
"020019087",83,"upazillas91",NA,NA
"020022016",84,"upazillas91",NA,NA
"020022024",85,"upazillas91",NA,NA
"020022045",86,"upazillas91",NA,NA
"020022049",87,"upazillas91",NA,NA
"020022066",88,"upazillas91",NA,NA
"020022090",89,"upazillas91",NA,NA
"020022094",90,"upazillas91",NA,NA
"030026014",91,"upazillas91",NA,NA
"030026018",92,"upazillas91",NA,NA
"030026038",93,"upazillas91",NA,NA
"030026062",92,"upazillas91",NA,NA
"030026072",94,"upazillas91",NA,NA
"050027017",95,"upazillas91",NA,NA
"050027010",96,"upazillas91",NA,NA
"050027012",97,"upazillas91",NA,NA
"050027021",98,"upazillas91",NA,NA
"050027030",99,"upazillas91",NA,NA
"050027064",100,"upazillas91",NA,NA
"050027043",101,"upazillas91",NA,NA
"050027047",102,"upazillas91",NA,NA
"050027056",103,"upazillas91",NA,NA
"050027060",104,"upazillas91",NA,NA
"050027069",105,"upazillas91",NA,NA
"050027077",106,"upazillas91",NA,NA
"050027038",107,"upazillas91",NA,NA
"030029003",108,"upazillas91",NA,NA
"030029010",109,"upazillas91",NA,NA
"030029018",108,"upazillas91",NA,NA
"030029021",110,"upazillas91",NA,NA
"030029047",111,"upazillas91",NA,NA
"030029056",112,"upazillas91",NA,NA
"030029062",113,"upazillas91",NA,NA
"030029084",114,"upazillas91",NA,NA
"020030025",116,"upazillas91",NA,NA
"020030029",117,"upazillas91",NA,NA
"020030051",115,"upazillas91",NA,NA
"020030094",118,"upazillas91",NA,NA
"050032024",119,"upazillas91",NA,NA
"050032030",120,"upazillas91",NA,NA
"050032067",121,"upazillas91",NA,NA
"050032021",122,"upazillas91",NA,NA
"050032082",123,"upazillas91",NA,NA
"050032088",124,"upazillas91",NA,NA
"050032091",125,"upazillas91",NA,NA
"030033030",94,"upazillas91",NA,NA
"030033032",94,"upazillas91",NA,NA
"030033034",126,"upazillas91",NA,NA
"030033036",127,"upazillas91",NA,NA
"030033086",128,"upazillas91",NA,NA
"030035032",129,"upazillas91",NA,NA
"030035043",130,"upazillas91",NA,NA
"030035051",131,"upazillas91",NA,NA
"030035058",132,"upazillas91",NA,NA
"030035091",133,"upazillas91",NA,NA
"060036002",134,"upazillas91",NA,NA
"060036005",135,"upazillas91",NA,NA
"060036011",136,"upazillas91",NA,NA
"060036026",137,"upazillas91",NA,NA
"060036044",138,"upazillas91",NA,NA
"060036068",139,"upazillas91",NA,NA
"060036071",140,"upazillas91",NA,NA
"060036077",141,"upazillas91",NA,NA
"050038013",142,"upazillas91",NA,NA
"050038047",143,"upazillas91",NA,NA
"050038058",144,"upazillas91",NA,NA
"050038061",145,"upazillas91",NA,NA
"050038074",146,"upazillas91",NA,NA
"030039007",147,"upazillas91",NA,NA
"030039015",147,"upazillas91",NA,NA
"030039029",148,"upazillas91",NA,NA
"030039036",149,"upazillas91",NA,NA
"030039058",150,"upazillas91",NA,NA
"030039061",151,"upazillas91",NA,NA
"030039085",152,"upazillas91",NA,NA
"040041004",153,"upazillas91",NA,NA
"040041009",154,"upazillas91",NA,NA
"040041011",155,"upazillas91",NA,NA
"040041047",156,"upazillas91",NA,NA
"040041023",157,"upazillas91",NA,NA
"040041038",158,"upazillas91",NA,NA
"040041061",159,"upazillas91",NA,NA
"040041090",160,"upazillas91",NA,NA
"010042040",161,"upazillas91",NA,NA
"010042043",162,"upazillas91",NA,NA
"010042073",163,"upazillas91",NA,NA
"010042084",164,"upazillas91",NA,NA
"040044014",165,"upazillas91",NA,NA
"040044019",166,"upazillas91",NA,NA
"040044033",167,"upazillas91",NA,NA
"040044042",168,"upazillas91",NA,NA
"040044071",169,"upazillas91",NA,NA
"040044080",170,"upazillas91",NA,NA
"020046043",171,"upazillas91",NA,NA
"020046049",172,"upazillas91",NA,NA
"020046061",173,"upazillas91",NA,NA
"020046065",174,"upazillas91",NA,NA
"020046067",175,"upazillas91",NA,NA
"020046070",176,"upazillas91",NA,NA
"020046077",176,"upazillas91",NA,NA
"020046080",176,"upazillas91",NA,NA
"040047012",177,"upazillas91",NA,NA
"040047017",178,"upazillas91",NA,NA
"040047021",179,"upazillas91",NA,NA
"040047051",180,"upazillas91",NA,NA
"040047053",181,"upazillas91",NA,NA
"040047064",182,"upazillas91",NA,NA
"040047075",183,"upazillas91",NA,NA
"040047094",184,"upazillas91",NA,NA
"030048002",185,"upazillas91",NA,NA
"030048006",186,"upazillas91",NA,NA
"030048011",187,"upazillas91",NA,NA
"030048027",188,"upazillas91",NA,NA
"030048033",189,"upazillas91",NA,NA
"030048042",190,"upazillas91",NA,NA
"030048045",191,"upazillas91",NA,NA
"030048049",192,"upazillas91",NA,NA
"030048054",193,"upazillas91",NA,NA
"030048059",194,"upazillas91",NA,NA
"030048076",195,"upazillas91",NA,NA
"030048079",196,"upazillas91",NA,NA
"030048092",197,"upazillas91",NA,NA
"050049006",198,"upazillas91",NA,NA
"050049052",200,"upazillas91",NA,NA
"050049061",201,"upazillas91",NA,NA
"050049018",202,"upazillas91",NA,NA
"050049077",203,"upazillas91",NA,NA
"050049079",199,"upazillas91",NA,NA
"050049094",204,"upazillas91",NA,NA
"040050015",205,"upazillas91",NA,NA
"040050039",206,"upazillas91",NA,NA
"040050063",207,"upazillas91",NA,NA
"040050071",208,"upazillas91",NA,NA
"040050079",209,"upazillas91",NA,NA
"040050094",210,"upazillas91",NA,NA
"020051043",211,"upazillas91",NA,NA
"020051058",212,"upazillas91",NA,NA
"020051065",213,"upazillas91",NA,NA
"020051073",214,"upazillas91",NA,NA
"050052002",215,"upazillas91",NA,NA
"050052033",216,"upazillas91",NA,NA
"050052039",217,"upazillas91",NA,NA
"050052055",218,"upazillas91",NA,NA
"050052070",219,"upazillas91",NA,NA
"030054040",220,"upazillas91",NA,NA
"030054054",221,"upazillas91",NA,NA
"030054080",222,"upazillas91",NA,NA
"030054087",223,"upazillas91",NA,NA
"040055057",224,"upazillas91",NA,NA
"040055066",225,"upazillas91",NA,NA
"040055085",226,"upazillas91",NA,NA
"040055095",227,"upazillas91",NA,NA
"030056010",228,"upazillas91",NA,NA
"030056022",229,"upazillas91",NA,NA
"030056028",230,"upazillas91",NA,NA
"030056046",231,"upazillas91",NA,NA
"030056070",232,"upazillas91",NA,NA
"030056078",233,"upazillas91",NA,NA
"030056082",234,"upazillas91",NA,NA
"040057047",235,"upazillas91",NA,NA
"040057087",236,"upazillas91",NA,NA
"060058014",237,"upazillas91",NA,NA
"060058056",238,"upazillas91",NA,NA
"060058065",237,"upazillas91",NA,NA
"060058074",239,"upazillas91",NA,NA
"060058080",240,"upazillas91",NA,NA
"060058083",241,"upazillas91",NA,NA
"030059024",242,"upazillas91",NA,NA
"030059044",243,"upazillas91",NA,NA
"030059056",244,"upazillas91",NA,NA
"030059074",245,"upazillas91",NA,NA
"030059084",246,"upazillas91",NA,NA
"030059094",247,"upazillas91",NA,NA
"050064003",248,"upazillas91",NA,NA
"050064006",249,"upazillas91",NA,NA
"050064028",250,"upazillas91",NA,NA
"050064050",251,"upazillas91",NA,NA
"050064047",252,"upazillas91",NA,NA
"050064060",253,"upazillas91",NA,NA
"050064069",254,"upazillas91",NA,NA
"050064075",255,"upazillas91",NA,NA
"050064079",256,"upazillas91",NA,NA
"050064085",257,"upazillas91",NA,NA
"050064086",258,"upazillas91",NA,NA
"040065028",259,"upazillas91",NA,NA
"040065052",260,"upazillas91",NA,NA
"040065076",261,"upazillas91",NA,NA
"030067002",262,"upazillas91",NA,NA
"030067006",263,"upazillas91",NA,NA
"030067058",264,"upazillas91",NA,NA
"030067068",265,"upazillas91",NA,NA
"030067004",266,"upazillas91",NA,NA
"030068007",267,"upazillas91",NA,NA
"030068052",268,"upazillas91",NA,NA
"030068060",269,"upazillas91",NA,NA
"030068063",270,"upazillas91",NA,NA
"030068064",271,"upazillas91",NA,NA
"030068076",272,"upazillas91",NA,NA
"030061013",273,"upazillas91",NA,NA
"030061016",274,"upazillas91",NA,NA
"030061022",275,"upazillas91",NA,NA
"030061023",276,"upazillas91",NA,NA
"030061024",277,"upazillas91",NA,NA
"030061031",278,"upazillas91",NA,NA
"030061065",279,"upazillas91",NA,NA
"030061052",280,"upazillas91",NA,NA
"030061072",281,"upazillas91",NA,NA
"030061020",282,"upazillas91",NA,NA
"030061081",283,"upazillas91",NA,NA
"030061094",284,"upazillas91",NA,NA
"050069009",285,"upazillas91",NA,NA
"050069015",286,"upazillas91",NA,NA
"050069041",287,"upazillas91",NA,NA
"050069044",288,"upazillas91",NA,NA
"050069063",289,"upazillas91",NA,NA
"050069091",290,"upazillas91",NA,NA
"050070018",291,"upazillas91",NA,NA
"050070037",292,"upazillas91",NA,NA
"050070056",293,"upazillas91",NA,NA
"050070066",294,"upazillas91",NA,NA
"050070088",295,"upazillas91",NA,NA
"030072004",296,"upazillas91",NA,NA
"030072009",297,"upazillas91",NA,NA
"030072018",298,"upazillas91",NA,NA
"030072040",299,"upazillas91",NA,NA
"030072047",300,"upazillas91",NA,NA
"030072038",301,"upazillas91",NA,NA
"030072056",302,"upazillas91",NA,NA
"030072063",303,"upazillas91",NA,NA
"030072074",300,"upazillas91",NA,NA
"030072083",274,"upazillas91",NA,NA
"050073012",304,"upazillas91",NA,NA
"050073015",305,"upazillas91",NA,NA
"050073036",306,"upazillas91",NA,NA
"050073045",307,"upazillas91",NA,NA
"050073064",308,"upazillas91",NA,NA
"050073085",309,"upazillas91",NA,NA
"020075007",310,"upazillas91",NA,NA
"020075010",311,"upazillas91",NA,NA
"020075021",312,"upazillas91",NA,NA
"020075036",313,"upazillas91",NA,NA
"020075080",314,"upazillas91",NA,NA
"050076005",315,"upazillas91",NA,NA
"050076016",316,"upazillas91",NA,NA
"050076019",317,"upazillas91",NA,NA
"050076022",318,"upazillas91",NA,NA
"050076033",319,"upazillas91",NA,NA
"050076039",320,"upazillas91",NA,NA
"050076055",321,"upazillas91",NA,NA
"050076072",322,"upazillas91",NA,NA
"050076083",323,"upazillas91",NA,NA
"050077004",324,"upazillas91",NA,NA
"050077025",325,"upazillas91",NA,NA
"050077034",326,"upazillas91",NA,NA
"050077073",327,"upazillas91",NA,NA
"050077090",328,"upazillas91",NA,NA
"020084007",329,"upazillas91",NA,NA
"020084021",330,"upazillas91",NA,NA
"020084029",331,"upazillas91",NA,NA
"020084036",332,"upazillas91",NA,NA
"020084025",333,"upazillas91",NA,NA
"020084058",329,"upazillas91",NA,NA
"020084075",334,"upazillas91",NA,NA
"020084078",332,"upazillas91",NA,NA
"020084087",335,"upazillas91",NA,NA
"010078038",336,"upazillas91",NA,NA
"010078052",337,"upazillas91",NA,NA
"010078066",338,"upazillas91",NA,NA
"010078076",339,"upazillas91",NA,NA
"010079047",340,"upazillas91",NA,NA
"010079058",341,"upazillas91",NA,NA
"010079076",342,"upazillas91",NA,NA
"010079087",343,"upazillas91",NA,NA
"040001077",344,"upazillas91",NA,NA
"030082029",345,"upazillas91",NA,NA
"030082007",346,"upazillas91",NA,NA
"030082073",347,"upazillas91",NA,NA
"030082076",347,"upazillas91",NA,NA
"050081010",348,"upazillas91",NA,NA
"050081012",349,"upazillas91",NA,NA
"050081025",350,"upazillas91",NA,NA
"050081031",351,"upazillas91",NA,NA
"050081034",352,"upazillas91",NA,NA
"050081053",353,"upazillas91",NA,NA
"050081072",354,"upazillas91",NA,NA
"050081082",355,"upazillas91",NA,NA
"050081094",356,"upazillas91",NA,NA
"050085003",357,"upazillas91",NA,NA
"050085027",358,"upazillas91",NA,NA
"050085042",359,"upazillas91",NA,NA
"050085058",360,"upazillas91",NA,NA
"050085073",361,"upazillas91",NA,NA
"050085076",362,"upazillas91",NA,NA
"050085049",363,"upazillas91",NA,NA
"050085092",364,"upazillas91",NA,NA
"030086014",365,"upazillas91",NA,NA
"030086025",366,"upazillas91",NA,NA
"030086036",367,"upazillas91",NA,NA
"030086069",368,"upazillas91",NA,NA
"030086065",369,"upazillas91",NA,NA
"040087004",370,"upazillas91",NA,NA
"040087025",371,"upazillas91",NA,NA
"040087043",372,"upazillas91",NA,NA
"040087047",373,"upazillas91",NA,NA
"040087082",374,"upazillas91",NA,NA
"040087086",375,"upazillas91",NA,NA
"040087090",376,"upazillas91",NA,NA
"030089037",377,"upazillas91",NA,NA
"030089067",378,"upazillas91",NA,NA
"030089070",379,"upazillas91",NA,NA
"030089088",380,"upazillas91",NA,NA
"030089090",381,"upazillas91",NA,NA
"050088011",382,"upazillas91",NA,NA
"050088027",383,"upazillas91",NA,NA
"050088044",384,"upazillas91",NA,NA
"050088050",385,"upazillas91",NA,NA
"050088061",386,"upazillas91",NA,NA
"050088067",387,"upazillas91",NA,NA
"050088078",388,"upazillas91",NA,NA
"050088089",389,"upazillas91",NA,NA
"050088094",390,"upazillas91",NA,NA
"060090018",391,"upazillas91",NA,NA
"060090023",392,"upazillas91",NA,NA
"060090029",393,"upazillas91",NA,NA
"060090032",394,"upazillas91",NA,NA
"060090033",395,"upazillas91",NA,NA
"060090047",396,"upazillas91",NA,NA
"060090050",394,"upazillas91",NA,NA
"060090086",397,"upazillas91",NA,NA
"060090092",398,"upazillas91",NA,NA
"060091008",399,"upazillas91",NA,NA
"060091017",400,"upazillas91",NA,NA
"060091020",401,"upazillas91",NA,NA
"060091027",402,"upazillas91",NA,NA
"060091035",403,"upazillas91",NA,NA
"060091038",404,"upazillas91",NA,NA
"060091041",405,"upazillas91",NA,NA
"060091053",405,"upazillas91",NA,NA
"060091059",406,"upazillas91",NA,NA
"060091062",407,"upazillas91",NA,NA
"060091094",408,"upazillas91",NA,NA
"030093009",409,"upazillas91",NA,NA
"030093019",410,"upazillas91",NA,NA
"030093023",411,"upazillas91",NA,NA
"030093028",412,"upazillas91",NA,NA
"030093038",413,"upazillas91",NA,NA
"030093047",414,"upazillas91",NA,NA
"030093057",415,"upazillas91",NA,NA
"030093066",416,"upazillas91",NA,NA
"030093076",417,"upazillas91",NA,NA
"030093085",418,"upazillas91",NA,NA
"030093095",419,"upazillas91",NA,NA
"050094008",420,"upazillas91",NA,NA
"050094051",421,"upazillas91",NA,NA
"050094082",422,"upazillas91",NA,NA
"050094086",423,"upazillas91",NA,NA
"050094094",424,"upazillas91",NA,NA
"050010020",425,"upazillas91",NA,NA
"020015004",61,"upazillas91",NA,NA
"020015019",426,"upazillas91",NA,NA
"020015057",427,"upazillas91",NA,NA
"020015041",428,"upazillas91",NA,NA
"020015020",61,"upazillas91",NA,NA
"020015055",429,"upazillas91",NA,NA
"020019072",83,"upazillas91",NA,NA
"020019067",83,"upazillas91",NA,NA
"030026050",430,"upazillas91",NA,NA
"030026012",431,"upazillas91",NA,NA
"030026095",432,"upazillas91",NA,NA
"030026026",433,"upazillas91",NA,NA
"030026068",434,"upazillas91",NA,NA
"030026088",435,"upazillas91",NA,NA
"030026040",436,"upazillas91",NA,NA
"030026054",437,"upazillas91",NA,NA
"030026066",438,"upazillas91",NA,NA
"030026042",439,"upazillas91",NA,NA
"030026016",440,"upazillas91",NA,NA
"030026090",441,"upazillas91",NA,NA
"030026008",432,"upazillas91",NA,NA
"030026048",442,"upazillas91",NA,NA
"040001058",443,"upazillas91",NA,NA
"040047048",444,"upazillas91",NA,NA
"040047040",445,"upazillas91",NA,NA
"040047085",446,"upazillas91",NA,NA
"040047045",447,"upazillas91",NA,NA
"040047030",448,"upazillas91",NA,NA
"020075087",449,"upazillas91",NA,NA
"010078057",451,"upazillas91",NA,NA
"010078095",450,"upazillas91",NA,NA
"050081022",452,"upazillas91",NA,NA
"030086094",453,"upazillas91",NA,NA
"060090089",454,"upazillas91",NA,NA
"040047069",455,"upazillas91",NA,NA
"010079014",456,"upazillas91",NA,NA
"010079080",457,"upazillas91",NA,NA
"050049009",199,"upazillas91",NA,NA
"050049008",199,"upazillas91",NA,NA
"010004009",338,"upazillas91",NA,NA
"020030014",115,"upazillas91",NA,NA
NA,1,"upazillas01","040001008",NA
NA,2,"upazillas01","040001014",NA
NA,3,"upazillas01","040001034",NA
NA,4,"upazillas01","040001038",NA
NA,5,"upazillas01","040001056",NA
NA,6,"upazillas01","040001060",NA
NA,7,"upazillas01","040001073",NA
NA,8,"upazillas01","020003004",NA
NA,9,"upazillas01","020003014",NA
NA,10,"upazillas01","020003051",NA
NA,11,"upazillas01","020003073",NA
NA,12,"upazillas01","020003089",NA
NA,13,"upazillas01","020003091",NA
NA,14,"upazillas01","020003095",NA
NA,15,"upazillas01","010006002",NA
NA,16,"upazillas01","010006003",NA
NA,17,"upazillas01","010006007",NA
NA,18,"upazillas01","010006010",NA
NA,19,"upazillas01","010006051",NA
NA,20,"upazillas01","010006032",NA
NA,21,"upazillas01","010006036",NA
NA,22,"upazillas01","010006062",NA
NA,23,"upazillas01","010006069",NA
NA,24,"upazillas01","010006094",NA
NA,25,"upazillas01","010009018",NA
NA,26,"upazillas01","010009021",NA
NA,27,"upazillas01","010009025",NA
NA,28,"upazillas01","010009029",NA
NA,29,"upazillas01","010009054",NA
NA,30,"upazillas01","010009065",NA
NA,31,"upazillas01","010009091",NA
NA,32,"upazillas01","050010006",NA
NA,33,"upazillas01","050010027",NA
NA,34,"upazillas01","050010033",NA
NA,35,"upazillas01","050010040",NA
NA,36,"upazillas01","050010054",NA
NA,37,"upazillas01","050010067",NA
NA,38,"upazillas01","050010081",NA
NA,39,"upazillas01","050010088",NA
NA,40,"upazillas01","050010094",NA
NA,41,"upazillas01","050010095",NA
NA,42,"upazillas01","010004019",NA
NA,43,"upazillas01","010004028",NA
NA,44,"upazillas01","010004047",NA
NA,45,"upazillas01","010004085",NA
NA,46,"upazillas01","020012002",NA
NA,47,"upazillas01","020012033",NA
NA,48,"upazillas01","020012013",NA
NA,49,"upazillas01","020012063",NA
NA,50,"upazillas01","020012085",NA
NA,51,"upazillas01","020012090",NA
NA,48,"upazillas01","020012094",NA
NA,52,"upazillas01","020013022",NA
NA,53,"upazillas01","020013045",NA
NA,54,"upazillas01","020013047",NA
NA,55,"upazillas01","020013049",NA
NA,56,"upazillas01","020013058",NA
NA,57,"upazillas01","020013079",NA
NA,58,"upazillas01","020013095",NA
NA,59,"upazillas01","020015008",NA
NA,60,"upazillas01","020015012",NA
NA,61,"upazillas01","020015018",NA
NA,62,"upazillas01","020015033",NA
NA,63,"upazillas01","020015037",NA
NA,64,"upazillas01","020015028",NA
NA,65,"upazillas01","020015047",NA
NA,66,"upazillas01","020015053",NA
NA,61,"upazillas01","020015061",NA
NA,67,"upazillas01","020015070",NA
NA,68,"upazillas01","020015074",NA
NA,69,"upazillas01","020015078",NA
NA,70,"upazillas01","020015082",NA
NA,71,"upazillas01","020015086",NA
NA,72,"upazillas01","040018007",NA
NA,73,"upazillas01","040018023",NA
NA,74,"upazillas01","040018031",NA
NA,75,"upazillas01","040018055",NA
NA,76,"upazillas01","020019009",NA
NA,77,"upazillas01","020019015",NA
NA,77,"upazillas01","020019018",NA
NA,78,"upazillas01","020019027",NA
NA,79,"upazillas01","020019031",NA
NA,80,"upazillas01","020019036",NA
NA,81,"upazillas01","020019040",NA
NA,80,"upazillas01","020019054",NA
NA,82,"upazillas01","020019081",NA
NA,83,"upazillas01","020019087",NA
NA,84,"upazillas01","020022016",NA
NA,85,"upazillas01","020022024",NA
NA,86,"upazillas01","020022045",NA
NA,87,"upazillas01","020022049",NA
NA,88,"upazillas01","020022066",NA
NA,89,"upazillas01","020022090",NA
NA,90,"upazillas01","020022094",NA
NA,91,"upazillas01","030026014",NA
NA,92,"upazillas01","030026018",NA
NA,93,"upazillas01","030026038",NA
NA,92,"upazillas01","030026062",NA
NA,94,"upazillas01","030026072",NA
NA,95,"upazillas01","050027017",NA
NA,96,"upazillas01","050027010",NA
NA,97,"upazillas01","050027012",NA
NA,98,"upazillas01","050027021",NA
NA,99,"upazillas01","050027030",NA
NA,100,"upazillas01","050027064",NA
NA,101,"upazillas01","050027043",NA
NA,102,"upazillas01","050027047",NA
NA,103,"upazillas01","050027056",NA
NA,104,"upazillas01","050027060",NA
NA,105,"upazillas01","050027069",NA
NA,106,"upazillas01","050027077",NA
NA,107,"upazillas01","050027038",NA
NA,108,"upazillas01","030029003",NA
NA,109,"upazillas01","030029010",NA
NA,108,"upazillas01","030029018",NA
NA,110,"upazillas01","030029021",NA
NA,111,"upazillas01","030029047",NA
NA,112,"upazillas01","030029056",NA
NA,113,"upazillas01","030029062",NA
NA,114,"upazillas01","030029084",NA
NA,115,"upazillas01","020030014",NA
NA,116,"upazillas01","020030025",NA
NA,117,"upazillas01","020030029",NA
NA,115,"upazillas01","020030051",NA
NA,118,"upazillas01","020030094",NA
NA,119,"upazillas01","050032024",NA
NA,120,"upazillas01","050032030",NA
NA,121,"upazillas01","050032067",NA
NA,122,"upazillas01","050032021",NA
NA,123,"upazillas01","050032082",NA
NA,124,"upazillas01","050032088",NA
NA,125,"upazillas01","050032091",NA
NA,94,"upazillas01","030033030",NA
NA,94,"upazillas01","030033032",NA
NA,126,"upazillas01","030033034",NA
NA,127,"upazillas01","030033036",NA
NA,128,"upazillas01","030033086",NA
NA,129,"upazillas01","030035032",NA
NA,130,"upazillas01","030035043",NA
NA,131,"upazillas01","030035051",NA
NA,132,"upazillas01","030035058",NA
NA,133,"upazillas01","030035091",NA
NA,134,"upazillas01","060036002",NA
NA,135,"upazillas01","060036005",NA
NA,136,"upazillas01","060036011",NA
NA,137,"upazillas01","060036026",NA
NA,138,"upazillas01","060036044",NA
NA,139,"upazillas01","060036068",NA
NA,140,"upazillas01","060036071",NA
NA,141,"upazillas01","060036077",NA
NA,142,"upazillas01","050038013",NA
NA,143,"upazillas01","050038047",NA
NA,144,"upazillas01","050038058",NA
NA,145,"upazillas01","050038061",NA
NA,146,"upazillas01","050038074",NA
NA,147,"upazillas01","030039007",NA
NA,147,"upazillas01","030039015",NA
NA,148,"upazillas01","030039029",NA
NA,149,"upazillas01","030039036",NA
NA,150,"upazillas01","030039058",NA
NA,151,"upazillas01","030039061",NA
NA,152,"upazillas01","030039085",NA
NA,153,"upazillas01","040041004",NA
NA,154,"upazillas01","040041009",NA
NA,155,"upazillas01","040041011",NA
NA,156,"upazillas01","040041047",NA
NA,157,"upazillas01","040041023",NA
NA,158,"upazillas01","040041038",NA
NA,159,"upazillas01","040041061",NA
NA,160,"upazillas01","040041090",NA
NA,161,"upazillas01","010042040",NA
NA,162,"upazillas01","010042043",NA
NA,163,"upazillas01","010042073",NA
NA,164,"upazillas01","010042084",NA
NA,165,"upazillas01","040044014",NA
NA,166,"upazillas01","040044019",NA
NA,167,"upazillas01","040044033",NA
NA,168,"upazillas01","040044042",NA
NA,169,"upazillas01","040044071",NA
NA,170,"upazillas01","040044080",NA
NA,171,"upazillas01","020046043",NA
NA,172,"upazillas01","020046049",NA
NA,173,"upazillas01","020046061",NA
NA,174,"upazillas01","020046065",NA
NA,175,"upazillas01","020046067",NA
NA,176,"upazillas01","020046070",NA
NA,176,"upazillas01","020046077",NA
NA,176,"upazillas01","020046080",NA
NA,177,"upazillas01","040047012",NA
NA,178,"upazillas01","040047017",NA
NA,179,"upazillas01","040047021",NA
NA,180,"upazillas01","040047051",NA
NA,181,"upazillas01","040047053",NA
NA,182,"upazillas01","040047064",NA
NA,183,"upazillas01","040047075",NA
NA,184,"upazillas01","040047094",NA
NA,185,"upazillas01","030048002",NA
NA,186,"upazillas01","030048006",NA
NA,187,"upazillas01","030048011",NA
NA,188,"upazillas01","030048027",NA
NA,189,"upazillas01","030048033",NA
NA,190,"upazillas01","030048042",NA
NA,191,"upazillas01","030048045",NA
NA,192,"upazillas01","030048049",NA
NA,193,"upazillas01","030048054",NA
NA,194,"upazillas01","030048059",NA
NA,195,"upazillas01","030048076",NA
NA,196,"upazillas01","030048079",NA
NA,197,"upazillas01","030048092",NA
NA,198,"upazillas01","050049006",NA
NA,199,"upazillas01","050049008",NA
NA,200,"upazillas01","050049052",NA
NA,201,"upazillas01","050049061",NA
NA,202,"upazillas01","050049018",NA
NA,203,"upazillas01","050049077",NA
NA,199,"upazillas01","050049079",NA
NA,204,"upazillas01","050049094",NA
NA,205,"upazillas01","040050015",NA
NA,206,"upazillas01","040050039",NA
NA,207,"upazillas01","040050063",NA
NA,208,"upazillas01","040050071",NA
NA,209,"upazillas01","040050079",NA
NA,210,"upazillas01","040050094",NA
NA,211,"upazillas01","020051043",NA
NA,212,"upazillas01","020051058",NA
NA,213,"upazillas01","020051065",NA
NA,214,"upazillas01","020051073",NA
NA,215,"upazillas01","050052002",NA
NA,216,"upazillas01","050052033",NA
NA,217,"upazillas01","050052039",NA
NA,218,"upazillas01","050052055",NA
NA,219,"upazillas01","050052070",NA
NA,220,"upazillas01","030054040",NA
NA,221,"upazillas01","030054054",NA
NA,222,"upazillas01","030054080",NA
NA,223,"upazillas01","030054087",NA
NA,224,"upazillas01","040055057",NA
NA,225,"upazillas01","040055066",NA
NA,226,"upazillas01","040055085",NA
NA,227,"upazillas01","040055095",NA
NA,228,"upazillas01","030056010",NA
NA,229,"upazillas01","030056022",NA
NA,230,"upazillas01","030056028",NA
NA,231,"upazillas01","030056046",NA
NA,232,"upazillas01","030056070",NA
NA,233,"upazillas01","030056078",NA
NA,234,"upazillas01","030056082",NA
NA,235,"upazillas01","040057047",NA
NA,236,"upazillas01","040057087",NA
NA,237,"upazillas01","060058014",NA
NA,238,"upazillas01","060058056",NA
NA,237,"upazillas01","060058065",NA
NA,239,"upazillas01","060058074",NA
NA,240,"upazillas01","060058080",NA
NA,241,"upazillas01","060058083",NA
NA,242,"upazillas01","030059024",NA
NA,243,"upazillas01","030059044",NA
NA,244,"upazillas01","030059056",NA
NA,245,"upazillas01","030059074",NA
NA,246,"upazillas01","030059084",NA
NA,247,"upazillas01","030059094",NA
NA,248,"upazillas01","050064003",NA
NA,249,"upazillas01","050064006",NA
NA,250,"upazillas01","050064028",NA
NA,251,"upazillas01","050064050",NA
NA,252,"upazillas01","050064047",NA
NA,253,"upazillas01","050064060",NA
NA,254,"upazillas01","050064069",NA
NA,255,"upazillas01","050064075",NA
NA,256,"upazillas01","050064079",NA
NA,257,"upazillas01","050064085",NA
NA,258,"upazillas01","050064086",NA
NA,259,"upazillas01","040065028",NA
NA,260,"upazillas01","040065052",NA
NA,261,"upazillas01","040065076",NA
NA,262,"upazillas01","030067002",NA
NA,263,"upazillas01","030067006",NA
NA,264,"upazillas01","030067058",NA
NA,265,"upazillas01","030067068",NA
NA,266,"upazillas01","030067004",NA
NA,267,"upazillas01","030068007",NA
NA,268,"upazillas01","030068052",NA
NA,269,"upazillas01","030068060",NA
NA,270,"upazillas01","030068063",NA
NA,271,"upazillas01","030068064",NA
NA,272,"upazillas01","030068076",NA
NA,273,"upazillas01","030061013",NA
NA,274,"upazillas01","030061016",NA
NA,275,"upazillas01","030061022",NA
NA,276,"upazillas01","030061023",NA
NA,277,"upazillas01","030061024",NA
NA,278,"upazillas01","030061031",NA
NA,279,"upazillas01","030061065",NA
NA,280,"upazillas01","030061052",NA
NA,281,"upazillas01","030061072",NA
NA,282,"upazillas01","030061020",NA
NA,283,"upazillas01","030061081",NA
NA,284,"upazillas01","030061094",NA
NA,285,"upazillas01","050069009",NA
NA,286,"upazillas01","050069015",NA
NA,287,"upazillas01","050069041",NA
NA,288,"upazillas01","050069044",NA
NA,289,"upazillas01","050069063",NA
NA,290,"upazillas01","050069091",NA
NA,291,"upazillas01","050070018",NA
NA,292,"upazillas01","050070037",NA
NA,293,"upazillas01","050070056",NA
NA,294,"upazillas01","050070066",NA
NA,295,"upazillas01","050070088",NA
NA,296,"upazillas01","030072004",NA
NA,297,"upazillas01","030072009",NA
NA,298,"upazillas01","030072018",NA
NA,299,"upazillas01","030072040",NA
NA,300,"upazillas01","030072047",NA
NA,301,"upazillas01","030072038",NA
NA,302,"upazillas01","030072056",NA
NA,303,"upazillas01","030072063",NA
NA,300,"upazillas01","030072074",NA
NA,274,"upazillas01","030072083",NA
NA,304,"upazillas01","050073012",NA
NA,305,"upazillas01","050073015",NA
NA,306,"upazillas01","050073036",NA
NA,307,"upazillas01","050073045",NA
NA,308,"upazillas01","050073064",NA
NA,309,"upazillas01","050073085",NA
NA,310,"upazillas01","020075007",NA
NA,311,"upazillas01","020075010",NA
NA,312,"upazillas01","020075021",NA
NA,313,"upazillas01","020075036",NA
NA,314,"upazillas01","020075080",NA
NA,315,"upazillas01","050076005",NA
NA,316,"upazillas01","050076016",NA
NA,317,"upazillas01","050076019",NA
NA,318,"upazillas01","050076022",NA
NA,319,"upazillas01","050076033",NA
NA,320,"upazillas01","050076039",NA
NA,321,"upazillas01","050076055",NA
NA,322,"upazillas01","050076072",NA
NA,323,"upazillas01","050076083",NA
NA,324,"upazillas01","050077004",NA
NA,325,"upazillas01","050077025",NA
NA,326,"upazillas01","050077034",NA
NA,327,"upazillas01","050077073",NA
NA,328,"upazillas01","050077090",NA
NA,329,"upazillas01","020084007",NA
NA,330,"upazillas01","020084021",NA
NA,331,"upazillas01","020084029",NA
NA,331,"upazillas01","020084047",NA
NA,332,"upazillas01","020084036",NA
NA,333,"upazillas01","020084025",NA
NA,329,"upazillas01","020084058",NA
NA,334,"upazillas01","020084075",NA
NA,332,"upazillas01","020084078",NA
NA,335,"upazillas01","020084087",NA
NA,336,"upazillas01","010078038",NA
NA,337,"upazillas01","010078052",NA
NA,338,"upazillas01","010078066",NA
NA,339,"upazillas01","010078076",NA
NA,340,"upazillas01","010079047",NA
NA,341,"upazillas01","010079058",NA
NA,342,"upazillas01","010079076",NA
NA,343,"upazillas01","010079087",NA
NA,344,"upazillas01","040001077",NA
NA,345,"upazillas01","030082029",NA
NA,346,"upazillas01","030082007",NA
NA,347,"upazillas01","030082073",NA
NA,347,"upazillas01","030082076",NA
NA,348,"upazillas01","050081010",NA
NA,349,"upazillas01","050081012",NA
NA,350,"upazillas01","050081025",NA
NA,351,"upazillas01","050081031",NA
NA,352,"upazillas01","050081034",NA
NA,353,"upazillas01","050081053",NA
NA,354,"upazillas01","050081072",NA
NA,355,"upazillas01","050081082",NA
NA,356,"upazillas01","050081094",NA
NA,357,"upazillas01","050085003",NA
NA,358,"upazillas01","050085027",NA
NA,359,"upazillas01","050085042",NA
NA,360,"upazillas01","050085058",NA
NA,361,"upazillas01","050085073",NA
NA,362,"upazillas01","050085076",NA
NA,363,"upazillas01","050085049",NA
NA,364,"upazillas01","050085092",NA
NA,365,"upazillas01","030086014",NA
NA,366,"upazillas01","030086025",NA
NA,367,"upazillas01","030086036",NA
NA,368,"upazillas01","030086069",NA
NA,369,"upazillas01","030086065",NA
NA,370,"upazillas01","040087004",NA
NA,371,"upazillas01","040087025",NA
NA,372,"upazillas01","040087043",NA
NA,373,"upazillas01","040087047",NA
NA,374,"upazillas01","040087082",NA
NA,375,"upazillas01","040087086",NA
NA,376,"upazillas01","040087090",NA
NA,377,"upazillas01","030089037",NA
NA,378,"upazillas01","030089067",NA
NA,379,"upazillas01","030089070",NA
NA,380,"upazillas01","030089088",NA
NA,381,"upazillas01","030089090",NA
NA,382,"upazillas01","050088011",NA
NA,383,"upazillas01","050088027",NA
NA,384,"upazillas01","050088044",NA
NA,385,"upazillas01","050088050",NA
NA,386,"upazillas01","050088061",NA
NA,387,"upazillas01","050088067",NA
NA,388,"upazillas01","050088078",NA
NA,389,"upazillas01","050088089",NA
NA,390,"upazillas01","050088094",NA
NA,391,"upazillas01","060090018",NA
NA,392,"upazillas01","060090023",NA
NA,393,"upazillas01","060090029",NA
NA,394,"upazillas01","060090032",NA
NA,395,"upazillas01","060090033",NA
NA,396,"upazillas01","060090047",NA
NA,394,"upazillas01","060090050",NA
NA,397,"upazillas01","060090086",NA
NA,398,"upazillas01","060090092",NA
NA,399,"upazillas01","060091008",NA
NA,400,"upazillas01","060091017",NA
NA,401,"upazillas01","060091020",NA
NA,402,"upazillas01","060091027",NA
NA,403,"upazillas01","060091035",NA
NA,404,"upazillas01","060091038",NA
NA,405,"upazillas01","060091041",NA
NA,405,"upazillas01","060091053",NA
NA,406,"upazillas01","060091059",NA
NA,407,"upazillas01","060091062",NA
NA,408,"upazillas01","060091094",NA
NA,409,"upazillas01","030093009",NA
NA,410,"upazillas01","030093019",NA
NA,411,"upazillas01","030093023",NA
NA,412,"upazillas01","030093028",NA
NA,413,"upazillas01","030093038",NA
NA,414,"upazillas01","030093047",NA
NA,415,"upazillas01","030093057",NA
NA,416,"upazillas01","030093066",NA
NA,417,"upazillas01","030093076",NA
NA,418,"upazillas01","030093085",NA
NA,419,"upazillas01","030093095",NA
NA,420,"upazillas01","050094008",NA
NA,421,"upazillas01","050094051",NA
NA,422,"upazillas01","050094082",NA
NA,423,"upazillas01","050094086",NA
NA,424,"upazillas01","050094094",NA
NA,425,"upazillas01","050010020",NA
NA,48,"upazillas01","020012004",NA
NA,57,"upazillas01","020013076",NA
NA,61,"upazillas01","020015004",NA
NA,61,"upazillas01","020015065",NA
NA,426,"upazillas01","020015019",NA
NA,426,"upazillas01","020015010",NA
NA,427,"upazillas01","020015057",NA
NA,428,"upazillas01","020015041",NA
NA,61,"upazillas01","020015020",NA
NA,429,"upazillas01","020015035",NA
NA,429,"upazillas01","020015043",NA
NA,429,"upazillas01","020015055",NA
NA,63,"upazillas01","020015006",NA
NA,83,"upazillas01","020019072",NA
NA,83,"upazillas01","020019067",NA
NA,80,"upazillas01","020019075",NA
NA,430,"upazillas01","030026050",NA
NA,431,"upazillas01","030026012",NA
NA,432,"upazillas01","030026095",NA
NA,433,"upazillas01","030026026",NA
NA,433,"upazillas01","030026004",NA
NA,431,"upazillas01","030026036",NA
NA,434,"upazillas01","030026068",NA
NA,264,"upazillas01","030026076",NA
NA,435,"upazillas01","030026088",NA
NA,436,"upazillas01","030026040",NA
NA,437,"upazillas01","030026054",NA
NA,438,"upazillas01","030026066",NA
NA,93,"upazillas01","030026034",NA
NA,439,"upazillas01","030026042",NA
NA,440,"upazillas01","030026016",NA
NA,93,"upazillas01","030026028",NA
NA,441,"upazillas01","030026090",NA
NA,432,"upazillas01","030026008",NA
NA,432,"upazillas01","030026030",NA
NA,442,"upazillas01","030026064",NA
NA,442,"upazillas01","030026048",NA
NA,443,"upazillas01","040001058",NA
NA,444,"upazillas01","040047048",NA
NA,445,"upazillas01","040047040",NA
NA,446,"upazillas01","040047085",NA
NA,447,"upazillas01","040047045",NA
NA,448,"upazillas01","040047030",NA
NA,236,"upazillas01","040057060",NA
NA,449,"upazillas01","020075087",NA
NA,450,"upazillas01","010078055",NA
NA,451,"upazillas01","010078057",NA
NA,450,"upazillas01","010078095",NA
NA,338,"upazillas01","010004009",NA
NA,452,"upazillas01","050081090",NA
NA,452,"upazillas01","050081040",NA
NA,452,"upazillas01","050081022",NA
NA,452,"upazillas01","050081085",NA
NA,453,"upazillas01","030086094",NA
NA,454,"upazillas01","060090089",NA
NA,455,"upazillas01","040047069",NA
NA,456,"upazillas01","010079014",NA
NA,457,"upazillas01","010079080",NA
NA,61,"upazillas01","020015039",NA
NA,199,"upazillas01","050049009",NA
NA,1,"upazillas11",NA,"040001008"
NA,2,"upazillas11",NA,"040001014"
NA,3,"upazillas11",NA,"040001034"
NA,4,"upazillas11",NA,"040001038"
NA,5,"upazillas11",NA,"040001056"
NA,6,"upazillas11",NA,"040001060"
NA,7,"upazillas11",NA,"040001073"
NA,8,"upazillas11",NA,"020003004"
NA,9,"upazillas11",NA,"020003014"
NA,10,"upazillas11",NA,"020003051"
NA,11,"upazillas11",NA,"020003073"
NA,12,"upazillas11",NA,"020003089"
NA,13,"upazillas11",NA,"020003091"
NA,14,"upazillas11",NA,"020003095"
NA,15,"upazillas11",NA,"010006002"
NA,16,"upazillas11",NA,"010006003"
NA,17,"upazillas11",NA,"010006007"
NA,18,"upazillas11",NA,"010006010"
NA,19,"upazillas11",NA,"010006051"
NA,20,"upazillas11",NA,"010006032"
NA,21,"upazillas11",NA,"010006036"
NA,22,"upazillas11",NA,"010006062"
NA,23,"upazillas11",NA,"010006069"
NA,24,"upazillas11",NA,"010006094"
NA,25,"upazillas11",NA,"010009018"
NA,26,"upazillas11",NA,"010009021"
NA,27,"upazillas11",NA,"010009025"
NA,28,"upazillas11",NA,"010009029"
NA,29,"upazillas11",NA,"010009054"
NA,30,"upazillas11",NA,"010009065"
NA,31,"upazillas11",NA,"010009091"
NA,32,"upazillas11",NA,"050010006"
NA,425,"upazillas11",NA,"050010085"
NA,33,"upazillas11",NA,"050010027"
NA,34,"upazillas11",NA,"050010033"
NA,35,"upazillas11",NA,"050010040"
NA,36,"upazillas11",NA,"050010054"
NA,37,"upazillas11",NA,"050010067"
NA,38,"upazillas11",NA,"050010081"
NA,39,"upazillas11",NA,"050010088"
NA,40,"upazillas11",NA,"050010094"
NA,41,"upazillas11",NA,"050010095"
NA,42,"upazillas11",NA,"010004019"
NA,43,"upazillas11",NA,"010004028"
NA,44,"upazillas11",NA,"010004047"
NA,45,"upazillas11",NA,"010004085"
NA,46,"upazillas11",NA,"020012002"
NA,47,"upazillas11",NA,"020012004"
NA,48,"upazillas11",NA,"020012013"
NA,49,"upazillas11",NA,"020012063"
NA,50,"upazillas11",NA,"020012085"
NA,51,"upazillas11",NA,"020012090"
NA,48,"upazillas11",NA,"020012094"
NA,52,"upazillas11",NA,"020013022"
NA,53,"upazillas11",NA,"020013045"
NA,54,"upazillas11",NA,"020013047"
NA,55,"upazillas11",NA,"020013049"
NA,56,"upazillas11",NA,"020013058"
NA,57,"upazillas11",NA,"020013079"
NA,58,"upazillas11",NA,"020013095"
NA,59,"upazillas11",NA,"020015008"
NA,60,"upazillas11",NA,"020015012"
NA,61,"upazillas11",NA,"020015018"
NA,62,"upazillas11",NA,"020015033"
NA,63,"upazillas11",NA,"020015037"
NA,64,"upazillas11",NA,"020015028"
NA,65,"upazillas11",NA,"020015047"
NA,66,"upazillas11",NA,"020015053"
NA,61,"upazillas11",NA,"020015061"
NA,67,"upazillas11",NA,"020015070"
NA,68,"upazillas11",NA,"020015074"
NA,69,"upazillas11",NA,"020015078"
NA,70,"upazillas11",NA,"020015082"
NA,71,"upazillas11",NA,"020015086"
NA,72,"upazillas11",NA,"040018007"
NA,73,"upazillas11",NA,"040018023"
NA,74,"upazillas11",NA,"040018031"
NA,75,"upazillas11",NA,"040018055"
NA,76,"upazillas11",NA,"020019009"
NA,77,"upazillas11",NA,"020019015"
NA,77,"upazillas11",NA,"020019018"
NA,78,"upazillas11",NA,"020019027"
NA,79,"upazillas11",NA,"020019031"
NA,83,"upazillas11",NA,"020019067"
NA,80,"upazillas11",NA,"020019036"
NA,81,"upazillas11",NA,"020019040"
NA,80,"upazillas11",NA,"020019054"
NA,83,"upazillas11",NA,"020019074"
NA,82,"upazillas11",NA,"020019081"
NA,83,"upazillas11",NA,"020019087"
NA,84,"upazillas11",NA,"020022016"
NA,85,"upazillas11",NA,"020022024"
NA,86,"upazillas11",NA,"020022045"
NA,87,"upazillas11",NA,"020022049"
NA,88,"upazillas11",NA,"020022066"
NA,89,"upazillas11",NA,"020022090"
NA,90,"upazillas11",NA,"020022094"
NA,91,"upazillas11",NA,"030026014"
NA,92,"upazillas11",NA,"030026018"
NA,93,"upazillas11",NA,"030026038"
NA,92,"upazillas11",NA,"030026062"
NA,94,"upazillas11",NA,"030026072"
NA,95,"upazillas11",NA,"055027017"
NA,96,"upazillas11",NA,"055027010"
NA,97,"upazillas11",NA,"055027012"
NA,98,"upazillas11",NA,"055027021"
NA,99,"upazillas11",NA,"055027030"
NA,100,"upazillas11",NA,"055027064"
NA,101,"upazillas11",NA,"055027043"
NA,102,"upazillas11",NA,"055027047"
NA,103,"upazillas11",NA,"055027056"
NA,104,"upazillas11",NA,"055027060"
NA,105,"upazillas11",NA,"055027069"
NA,106,"upazillas11",NA,"055027077"
NA,107,"upazillas11",NA,"055027038"
NA,108,"upazillas11",NA,"030029003"
NA,109,"upazillas11",NA,"030029010"
NA,108,"upazillas11",NA,"030029018"
NA,110,"upazillas11",NA,"030029021"
NA,111,"upazillas11",NA,"030029047"
NA,112,"upazillas11",NA,"030029056"
NA,113,"upazillas11",NA,"030029062"
NA,114,"upazillas11",NA,"030029084"
NA,115,"upazillas11",NA,"020030014"
NA,116,"upazillas11",NA,"020030025"
NA,117,"upazillas11",NA,"020030029"
NA,115,"upazillas11",NA,"020030051"
NA,118,"upazillas11",NA,"020030094"
NA,119,"upazillas11",NA,"055032024"
NA,120,"upazillas11",NA,"055032030"
NA,121,"upazillas11",NA,"055032067"
NA,122,"upazillas11",NA,"055032021"
NA,123,"upazillas11",NA,"055032082"
NA,124,"upazillas11",NA,"055032088"
NA,125,"upazillas11",NA,"055032091"
NA,94,"upazillas11",NA,"030033030"
NA,94,"upazillas11",NA,"030033032"
NA,126,"upazillas11",NA,"030033034"
NA,127,"upazillas11",NA,"030033036"
NA,128,"upazillas11",NA,"030033086"
NA,129,"upazillas11",NA,"030035032"
NA,130,"upazillas11",NA,"030035043"
NA,131,"upazillas11",NA,"030035051"
NA,132,"upazillas11",NA,"030035058"
NA,133,"upazillas11",NA,"030035091"
NA,134,"upazillas11",NA,"060036002"
NA,135,"upazillas11",NA,"060036005"
NA,136,"upazillas11",NA,"060036011"
NA,137,"upazillas11",NA,"060036026"
NA,138,"upazillas11",NA,"060036044"
NA,139,"upazillas11",NA,"060036068"
NA,140,"upazillas11",NA,"060036071"
NA,141,"upazillas11",NA,"060036077"
NA,142,"upazillas11",NA,"050038013"
NA,143,"upazillas11",NA,"050038047"
NA,144,"upazillas11",NA,"050038058"
NA,145,"upazillas11",NA,"050038061"
NA,146,"upazillas11",NA,"050038074"
NA,147,"upazillas11",NA,"030039007"
NA,147,"upazillas11",NA,"030039015"
NA,148,"upazillas11",NA,"030039029"
NA,149,"upazillas11",NA,"030039036"
NA,150,"upazillas11",NA,"030039058"
NA,151,"upazillas11",NA,"030039061"
NA,152,"upazillas11",NA,"030039085"
NA,153,"upazillas11",NA,"040041004"
NA,154,"upazillas11",NA,"040041009"
NA,155,"upazillas11",NA,"040041011"
NA,156,"upazillas11",NA,"040041047"
NA,157,"upazillas11",NA,"040041023"
NA,158,"upazillas11",NA,"040041038"
NA,159,"upazillas11",NA,"040041061"
NA,160,"upazillas11",NA,"040041090"
NA,161,"upazillas11",NA,"010042040"
NA,162,"upazillas11",NA,"010042043"
NA,163,"upazillas11",NA,"010042073"
NA,164,"upazillas11",NA,"010042084"
NA,165,"upazillas11",NA,"040044014"
NA,166,"upazillas11",NA,"040044019"
NA,167,"upazillas11",NA,"040044033"
NA,168,"upazillas11",NA,"040044042"
NA,169,"upazillas11",NA,"040044071"
NA,170,"upazillas11",NA,"040044080"
NA,171,"upazillas11",NA,"020046043"
NA,172,"upazillas11",NA,"020046049"
NA,173,"upazillas11",NA,"020046061"
NA,174,"upazillas11",NA,"020046065"
NA,175,"upazillas11",NA,"020046067"
NA,176,"upazillas11",NA,"020046070"
NA,176,"upazillas11",NA,"020046077"
NA,176,"upazillas11",NA,"020046080"
NA,177,"upazillas11",NA,"040047012"
NA,178,"upazillas11",NA,"040047017"
NA,179,"upazillas11",NA,"040047021"
NA,180,"upazillas11",NA,"040047051"
NA,181,"upazillas11",NA,"040047053"
NA,182,"upazillas11",NA,"040047064"
NA,183,"upazillas11",NA,"040047075"
NA,184,"upazillas11",NA,"040047094"
NA,185,"upazillas11",NA,"030048002"
NA,186,"upazillas11",NA,"030048006"
NA,187,"upazillas11",NA,"030048011"
NA,188,"upazillas11",NA,"030048027"
NA,189,"upazillas11",NA,"030048033"
NA,190,"upazillas11",NA,"030048042"
NA,191,"upazillas11",NA,"030048045"
NA,192,"upazillas11",NA,"030048049"
NA,193,"upazillas11",NA,"030048054"
NA,194,"upazillas11",NA,"030048059"
NA,195,"upazillas11",NA,"030048076"
NA,196,"upazillas11",NA,"030048079"
NA,197,"upazillas11",NA,"030048092"
NA,198,"upazillas11",NA,"055049006"
NA,199,"upazillas11",NA,"055049009"
NA,200,"upazillas11",NA,"055049052"
NA,201,"upazillas11",NA,"055049061"
NA,202,"upazillas11",NA,"055049018"
NA,203,"upazillas11",NA,"055049077"
NA,199,"upazillas11",NA,"055049079"
NA,204,"upazillas11",NA,"055049094"
NA,205,"upazillas11",NA,"040050015"
NA,206,"upazillas11",NA,"040050039"
NA,207,"upazillas11",NA,"040050063"
NA,208,"upazillas11",NA,"040050071"
NA,209,"upazillas11",NA,"040050079"
NA,210,"upazillas11",NA,"040050094"
NA,211,"upazillas11",NA,"020051043"
NA,212,"upazillas11",NA,"020051058"
NA,213,"upazillas11",NA,"020051065"
NA,214,"upazillas11",NA,"020051073"
NA,215,"upazillas11",NA,"055052002"
NA,216,"upazillas11",NA,"055052033"
NA,217,"upazillas11",NA,"055052039"
NA,218,"upazillas11",NA,"055052055"
NA,219,"upazillas11",NA,"055052070"
NA,220,"upazillas11",NA,"030054040"
NA,221,"upazillas11",NA,"030054054"
NA,222,"upazillas11",NA,"030054080"
NA,223,"upazillas11",NA,"030054087"
NA,224,"upazillas11",NA,"040055057"
NA,225,"upazillas11",NA,"040055066"
NA,226,"upazillas11",NA,"040055085"
NA,227,"upazillas11",NA,"040055095"
NA,228,"upazillas11",NA,"030056010"
NA,229,"upazillas11",NA,"030056022"
NA,230,"upazillas11",NA,"030056028"
NA,231,"upazillas11",NA,"030056046"
NA,232,"upazillas11",NA,"030056070"
NA,233,"upazillas11",NA,"030056078"
NA,234,"upazillas11",NA,"030056082"
NA,235,"upazillas11",NA,"040057047"
NA,236,"upazillas11",NA,"040057087"
NA,237,"upazillas11",NA,"060058014"
NA,238,"upazillas11",NA,"060058056"
NA,237,"upazillas11",NA,"060058065"
NA,239,"upazillas11",NA,"060058074"
NA,240,"upazillas11",NA,"060058080"
NA,241,"upazillas11",NA,"060058083"
NA,242,"upazillas11",NA,"030059024"
NA,243,"upazillas11",NA,"030059044"
NA,244,"upazillas11",NA,"030059056"
NA,245,"upazillas11",NA,"030059074"
NA,246,"upazillas11",NA,"030059084"
NA,247,"upazillas11",NA,"030059094"
NA,248,"upazillas11",NA,"050064003"
NA,249,"upazillas11",NA,"050064006"
NA,250,"upazillas11",NA,"050064028"
NA,251,"upazillas11",NA,"050064050"
NA,252,"upazillas11",NA,"050064047"
NA,253,"upazillas11",NA,"050064060"
NA,254,"upazillas11",NA,"050064069"
NA,255,"upazillas11",NA,"050064075"
NA,256,"upazillas11",NA,"050064079"
NA,257,"upazillas11",NA,"050064085"
NA,258,"upazillas11",NA,"050064086"
NA,259,"upazillas11",NA,"040065028"
NA,260,"upazillas11",NA,"040065052"
NA,261,"upazillas11",NA,"040065076"
NA,262,"upazillas11",NA,"030067002"
NA,263,"upazillas11",NA,"030067006"
NA,264,"upazillas11",NA,"030067058"
NA,265,"upazillas11",NA,"030067068"
NA,266,"upazillas11",NA,"030067004"
NA,267,"upazillas11",NA,"030068007"
NA,268,"upazillas11",NA,"030068052"
NA,269,"upazillas11",NA,"030068060"
NA,270,"upazillas11",NA,"030068063"
NA,271,"upazillas11",NA,"030068064"
NA,272,"upazillas11",NA,"030068076"
NA,273,"upazillas11",NA,"030061013"
NA,274,"upazillas11",NA,"030061016"
NA,275,"upazillas11",NA,"030061022"
NA,276,"upazillas11",NA,"030061023"
NA,277,"upazillas11",NA,"030061024"
NA,278,"upazillas11",NA,"030061031"
NA,279,"upazillas11",NA,"030061065"
NA,280,"upazillas11",NA,"030061052"
NA,281,"upazillas11",NA,"030061072"
NA,282,"upazillas11",NA,"030061020"
NA,283,"upazillas11",NA,"030061081"
NA,284,"upazillas11",NA,"030061094"
NA,285,"upazillas11",NA,"050069009"
NA,286,"upazillas11",NA,"050069015"
NA,287,"upazillas11",NA,"050069041"
NA,288,"upazillas11",NA,"050069044"
NA,289,"upazillas11",NA,"050069063"
NA,290,"upazillas11",NA,"050069091"
NA,291,"upazillas11",NA,"050070018"
NA,292,"upazillas11",NA,"050070037"
NA,293,"upazillas11",NA,"050070056"
NA,294,"upazillas11",NA,"050070066"
NA,295,"upazillas11",NA,"050070088"
NA,296,"upazillas11",NA,"030072004"
NA,297,"upazillas11",NA,"030072009"
NA,298,"upazillas11",NA,"030072018"
NA,299,"upazillas11",NA,"030072040"
NA,300,"upazillas11",NA,"030072047"
NA,301,"upazillas11",NA,"030072038"
NA,302,"upazillas11",NA,"030072056"
NA,303,"upazillas11",NA,"030072063"
NA,300,"upazillas11",NA,"030072074"
NA,274,"upazillas11",NA,"030072083"
NA,304,"upazillas11",NA,"055073012"
NA,305,"upazillas11",NA,"055073015"
NA,306,"upazillas11",NA,"055073036"
NA,307,"upazillas11",NA,"055073045"
NA,308,"upazillas11",NA,"055073064"
NA,309,"upazillas11",NA,"055073085"
NA,310,"upazillas11",NA,"020075007"
NA,311,"upazillas11",NA,"020075010"
NA,312,"upazillas11",NA,"020075021"
NA,313,"upazillas11",NA,"020075036"
NA,314,"upazillas11",NA,"020075080"
NA,315,"upazillas11",NA,"050076005"
NA,316,"upazillas11",NA,"050076016"
NA,317,"upazillas11",NA,"050076019"
NA,318,"upazillas11",NA,"050076022"
NA,319,"upazillas11",NA,"050076033"
NA,320,"upazillas11",NA,"050076039"
NA,321,"upazillas11",NA,"050076055"
NA,322,"upazillas11",NA,"050076072"
NA,323,"upazillas11",NA,"050076083"
NA,324,"upazillas11",NA,"055077004"
NA,325,"upazillas11",NA,"055077025"
NA,326,"upazillas11",NA,"055077034"
NA,327,"upazillas11",NA,"055077073"
NA,328,"upazillas11",NA,"055077090"
NA,329,"upazillas11",NA,"020084007"
NA,330,"upazillas11",NA,"020084021"
NA,331,"upazillas11",NA,"020084029"
NA,331,"upazillas11",NA,"020084047"
NA,332,"upazillas11",NA,"020084036"
NA,333,"upazillas11",NA,"020084025"
NA,329,"upazillas11",NA,"020084058"
NA,334,"upazillas11",NA,"020084075"
NA,332,"upazillas11",NA,"020084078"
NA,335,"upazillas11",NA,"020084087"
NA,336,"upazillas11",NA,"010078038"
NA,337,"upazillas11",NA,"010078052"
NA,338,"upazillas11",NA,"010078066"
NA,339,"upazillas11",NA,"010078076"
NA,340,"upazillas11",NA,"010079047"
NA,341,"upazillas11",NA,"010079058"
NA,342,"upazillas11",NA,"010079076"
NA,343,"upazillas11",NA,"010079087"
NA,344,"upazillas11",NA,"040001077"
NA,345,"upazillas11",NA,"030082029"
NA,346,"upazillas11",NA,"030082007"
NA,347,"upazillas11",NA,"030082073"
NA,347,"upazillas11",NA,"030082076"
NA,348,"upazillas11",NA,"050081010"
NA,349,"upazillas11",NA,"050081012"
NA,350,"upazillas11",NA,"050081025"
NA,351,"upazillas11",NA,"050081031"
NA,352,"upazillas11",NA,"050081034"
NA,353,"upazillas11",NA,"050081053"
NA,354,"upazillas11",NA,"050081072"
NA,355,"upazillas11",NA,"050081082"
NA,356,"upazillas11",NA,"050081094"
NA,357,"upazillas11",NA,"055085003"
NA,358,"upazillas11",NA,"055085027"
NA,359,"upazillas11",NA,"055085042"
NA,360,"upazillas11",NA,"055085058"
NA,361,"upazillas11",NA,"055085073"
NA,362,"upazillas11",NA,"055085076"
NA,363,"upazillas11",NA,"055085049"
NA,364,"upazillas11",NA,"055085092"
NA,365,"upazillas11",NA,"030086014"
NA,366,"upazillas11",NA,"030086025"
NA,367,"upazillas11",NA,"030086036"
NA,368,"upazillas11",NA,"030086069"
NA,369,"upazillas11",NA,"030086065"
NA,370,"upazillas11",NA,"040087004"
NA,371,"upazillas11",NA,"040087025"
NA,372,"upazillas11",NA,"040087043"
NA,373,"upazillas11",NA,"040087047"
NA,374,"upazillas11",NA,"040087082"
NA,375,"upazillas11",NA,"040087086"
NA,376,"upazillas11",NA,"040087090"
NA,377,"upazillas11",NA,"030089037"
NA,378,"upazillas11",NA,"030089067"
NA,379,"upazillas11",NA,"030089070"
NA,380,"upazillas11",NA,"030089088"
NA,381,"upazillas11",NA,"030089090"
NA,382,"upazillas11",NA,"050088011"
NA,383,"upazillas11",NA,"050088027"
NA,384,"upazillas11",NA,"050088044"
NA,385,"upazillas11",NA,"050088050"
NA,386,"upazillas11",NA,"050088061"
NA,387,"upazillas11",NA,"050088067"
NA,388,"upazillas11",NA,"050088078"
NA,389,"upazillas11",NA,"050088089"
NA,390,"upazillas11",NA,"050088094"
NA,391,"upazillas11",NA,"060090018"
NA,392,"upazillas11",NA,"060090023"
NA,393,"upazillas11",NA,"060090029"
NA,394,"upazillas11",NA,"060090032"
NA,395,"upazillas11",NA,"060090033"
NA,396,"upazillas11",NA,"060090047"
NA,394,"upazillas11",NA,"060090050"
NA,397,"upazillas11",NA,"060090086"
NA,454,"upazillas11",NA,"060090027"
NA,398,"upazillas11",NA,"060090092"
NA,399,"upazillas11",NA,"060091008"
NA,400,"upazillas11",NA,"060091017"
NA,401,"upazillas11",NA,"060091020"
NA,402,"upazillas11",NA,"060091027"
NA,403,"upazillas11",NA,"060091035"
NA,404,"upazillas11",NA,"060091038"
NA,405,"upazillas11",NA,"060091041"
NA,405,"upazillas11",NA,"060091053"
NA,406,"upazillas11",NA,"060091059"
NA,407,"upazillas11",NA,"060091062"
NA,408,"upazillas11",NA,"060091094"
NA,409,"upazillas11",NA,"030093009"
NA,410,"upazillas11",NA,"030093019"
NA,411,"upazillas11",NA,"030093023"
NA,412,"upazillas11",NA,"030093028"
NA,413,"upazillas11",NA,"030093038"
NA,414,"upazillas11",NA,"030093047"
NA,415,"upazillas11",NA,"030093057"
NA,416,"upazillas11",NA,"030093066"
NA,417,"upazillas11",NA,"030093076"
NA,418,"upazillas11",NA,"030093085"
NA,419,"upazillas11",NA,"030093095"
NA,420,"upazillas11",NA,"055094008"
NA,421,"upazillas11",NA,"055094051"
NA,422,"upazillas11",NA,"055094082"
NA,423,"upazillas11",NA,"055094086"
NA,424,"upazillas11",NA,"055094094"
NA,425,"upazillas11",NA,"050010020"
NA,48,"upazillas11",NA,"020012033"
NA,48,"upazillas11",NA,"020012007"
NA,57,"upazillas11",NA,"020013076"
NA,61,"upazillas11",NA,"020015004"
NA,61,"upazillas11",NA,"020015065"
NA,426,"upazillas11",NA,"020015019"
NA,426,"upazillas11",NA,"020015010"
NA,427,"upazillas11",NA,"020015057"
NA,428,"upazillas11",NA,"020015041"
NA,61,"upazillas11",NA,"020015020"
NA,429,"upazillas11",NA,"020015035"
NA,429,"upazillas11",NA,"020015043"
NA,429,"upazillas11",NA,"020015055"
NA,63,"upazillas11",NA,"020015006"
NA,83,"upazillas11",NA,"020019072"
NA,83,"upazillas11",NA,"020019033"
NA,80,"upazillas11",NA,"020019094"
NA,80,"upazillas11",NA,"020019075"
NA,84,"upazillas11",NA,"020022056"
NA,430,"upazillas11",NA,"030026050"
NA,432,"upazillas11",NA,"030026093"
NA,432,"upazillas11",NA,"030026010"
NA,432,"upazillas11",NA,"030026096"
NA,431,"upazillas11",NA,"030026012"
NA,432,"upazillas11",NA,"030026095"
NA,433,"upazillas11",NA,"030026037"
NA,433,"upazillas11",NA,"030026026"
NA,433,"upazillas11",NA,"030026004"
NA,431,"upazillas11",NA,"030026036"
NA,434,"upazillas11",NA,"030026068"
NA,431,"upazillas11",NA,"030026029"
NA,264,"upazillas11",NA,"030026032"
NA,264,"upazillas11",NA,"030026076"
NA,431,"upazillas11",NA,"030026024"
NA,435,"upazillas11",NA,"030026088"
NA,436,"upazillas11",NA,"030026040"
NA,436,"upazillas11",NA,"030026005"
NA,437,"upazillas11",NA,"030026054"
NA,431,"upazillas11",NA,"030026067"
NA,437,"upazillas11",NA,"030026065"
NA,438,"upazillas11",NA,"030026066"
NA,438,"upazillas11",NA,"030026075"
NA,439,"upazillas11",NA,"030026009"
NA,93,"upazillas11",NA,"030026034"
NA,439,"upazillas11",NA,"030026042"
NA,440,"upazillas11",NA,"030026063"
NA,441,"upazillas11",NA,"030026090"
NA,440,"upazillas11",NA,"030026016"
NA,93,"upazillas11",NA,"030026028"
NA,441,"upazillas11",NA,"030026092"
NA,432,"upazillas11",NA,"030026008"
NA,432,"upazillas11",NA,"030026030"
NA,441,"upazillas11",NA,"030026080"
NA,442,"upazillas11",NA,"030026064"
NA,442,"upazillas11",NA,"030026074"
NA,442,"upazillas11",NA,"030026048"
NA,442,"upazillas11",NA,"030026011"
NA,430,"upazillas11",NA,"030026002"
NA,113,"upazillas11",NA,"030029090"
NA,115,"upazillas11",NA,"020030041"
NA,443,"upazillas11",NA,"040001058"
NA,444,"upazillas11",NA,"040047048"
NA,445,"upazillas11",NA,"040047040"
NA,446,"upazillas11",NA,"040047085"
NA,447,"upazillas11",NA,"040047045"
NA,448,"upazillas11",NA,"040047030"
NA,214,"upazillas11",NA,"020051033"
NA,237,"upazillas11",NA,"060058035"
NA,236,"upazillas11",NA,"040057060"
NA,310,"upazillas11",NA,"020075083"
NA,449,"upazillas11",NA,"020075085"
NA,449,"upazillas11",NA,"020075047"
NA,449,"upazillas11",NA,"020075087"
NA,450,"upazillas11",NA,"010078055"
NA,451,"upazillas11",NA,"010078057"
NA,450,"upazillas11",NA,"010078095"
NA,338,"upazillas11",NA,"010004009"
NA,347,"upazillas11",NA,"030082047"
NA,452,"upazillas11",NA,"050081090"
NA,452,"upazillas11",NA,"050081040"
NA,452,"upazillas11",NA,"050081022"
NA,452,"upazillas11",NA,"050081085"
NA,453,"upazillas11",NA,"030086094"
NA,454,"upazillas11",NA,"060090089"
NA,407,"upazillas11",NA,"060091031"
NA,415,"upazillas11",NA,"030093025"
NA,455,"upazillas11",NA,"040047069"
NA,199,"upazillas11",NA,"055049008"
NA,456,"upazillas11",NA,"010079014"
NA,457,"upazillas11",NA,"010079080"
NA,457,"upazillas11",NA,"010079090"
NA,440,"upazillas11",NA,"030026033"
